Mock_Test,Chemical Reactions and Equations,"Acids, Bases, and Salts",Metals and Non-metals,Carbon and its Compounds,Life Processes,Control and Coordination,How do Organisms Reproduce?,Heredity,Light - Reflection and Refraction,The Human Eye and the Colorful World,Electricity,Magnetic Effects of Electric Current,Our Environment,Total_Chemical Reactions and Equations,Wrong_Chemical Reactions and Equations,"Total_Acids, Bases, and Salts","Wrong_Acids, Bases, and Salts",Total_Metals and Non-metals,Wrong_Metals and Non-metals,Total_Carbon and its Compounds,Wrong_Carbon and its Compounds,Total_Life Processes,Wrong_Life Processes,Total_Control and Coordination,Wrong_Control and Coordination,Total_How do Organisms Reproduce?,Wrong_How do Organisms Reproduce?,Total_Heredity,Wrong_Heredity,Total_Light - Reflection and Refraction,Wrong_Light - Reflection and Refraction,Total_The Human Eye and the Colorful World,Wrong_The Human Eye and the Colorful World,Total_Electricity,Wrong_Electricity,Total_Magnetic Effects of Electric Current,Wrong_Magnetic Effects of Electric Current,Total_Our Environment,Wrong_Our Environment
Test_1,6,6,3,4,3,0,7,6,8,7,3,1,4,8,2,8,2,8,5,8,4,8,5,8,8,8,1,8,2,8,0,8,1,8,5,8,7,8,4
Test_2,3,5,5,4,2,2,6,5,7,6,2,3,3,8,5,8,3,8,3,8,4,8,6,8,6,8,2,8,3,8,1,8,2,8,6,8,5,8,5
Test_3,6,6,5,3,3,0,7,7,7,7,3,3,3,8,2,8,2,8,3,8,5,8,5,8,8,8,1,8,1,8,1,8,1,8,5,8,5,8,5
Test_4,6,6,6,4,2,2,3,7,7,5,1,1,2,8,2,8,2,8,2,8,4,8,6,8,6,8,5,8,1,8,1,8,3,8,7,8,7,8,6
Test_5,6,6,6,6,3,5,6,6,6,5,3,3,3,8,2,8,2,8,2,8,2,8,5,8,3,8,2,8,2,8,2,8,3,8,5,8,5,8,5
Test_6,4,6,6,4,3,5,6,6,5,8,3,1,3,8,4,8,2,8,2,8,4,8,5,8,3,8,2,8,2,8,3,8,0,8,5,8,7,8,5
Test_7,5,6,6,3,3,4,4,5,7,5,4,4,5,8,3,8,2,8,2,8,5,8,5,8,4,8,4,8,3,8,1,8,3,8,4,8,4,8,3
Test_8,5,6,3,6,1,3,5,6,7,8,3,5,5,8,3,8,2,8,5,8,2,8,7,8,5,8,3,8,2,8,1,8,0,8,5,8,3,8,3
Test_9,6,6,6,5,1,4,7,8,8,7,4,3,4,8,2,8,2,8,2,8,3,8,7,8,4,8,1,8,0,8,0,8,1,8,4,8,5,8,4
Test_10,4,6,6,3,3,2,3,4,8,5,4,4,2,8,4,8,2,8,2,8,5,8,5,8,6,8,5,8,4,8,0,8,3,8,4,8,4,8,6
